{
    "accuracy": 0.9267892291631803,
    "f1": 0.9340350826805294,
    "precision": 0.8864810347412465,
    "recall": 0.9869802731411229
}